seed, mutant, status
879247430, 49, SURVIVED
879247412, 49, SURVIVED
879247430, 1, SURVIVED
879247412, 1, SURVIVED
879247420, 1, SURVIVED
879247405, 1, SURVIVED
879247420, 49, SURVIVED
879247405, 49, SURVIVED
879247421, 1, SURVIVED
879247462, 1, SURVIVED
879247462, 49, SURVIVED
879247421, 49, SURVIVED
879247494, 49, SURVIVED
879247494, 1, SURVIVED
879247416, 49, SURVIVED
879247416, 1, SURVIVED
879247402, 49, SURVIVED
879247402, 1, SURVIVED
879247424, 1, SURVIVED
879247422, 49, SURVIVED
879247424, 49, SURVIVED
879247415, 49, SURVIVED
879247415, 1, SURVIVED
879247431, 1, SURVIVED
879247422, 1, SURVIVED
879247434, 1, SURVIVED
879247434, 49, SURVIVED
879247401, 1, SURVIVED
879247431, 49, SURVIVED
879247423, 49, SURVIVED
879247442, 1, SURVIVED
879247401, 49, SURVIVED
879247442, 49, SURVIVED
879247423, 1, SURVIVED
879247408, 49, SURVIVED
879247408, 1, SURVIVED
879247426, 49, SURVIVED
879247426, 1, SURVIVED
879247437, 1, SURVIVED
879247437, 49, SURVIVED
879247411, 1, SURVIVED
879247411, 49, SURVIVED
879247414, 1, SURVIVED
879247414, 49, SURVIVED
879247488, 1, SURVIVED
879247488, 49, SURVIVED
879247403, 1, SURVIVED
879247403, 49, SURVIVED
879247404, 1, SURVIVED
879247404, 49, SURVIVED
879247498, 1, SURVIVED
879247498, 49, SURVIVED
879247418, 1, SURVIVED
879247418, 49, SURVIVED
879247410, 1, SURVIVED
879247456, 1, SURVIVED
879247410, 49, SURVIVED
879247438, 1, SURVIVED
879247456, 49, SURVIVED
879247438, 49, SURVIVED
879247458, 1, SURVIVED
879247458, 49, SURVIVED
879247476, 1, SURVIVED
879247476, 49, SURVIVED
879247447, 1, SURVIVED
879247447, 49, SURVIVED
879247495, 49, SURVIVED
879247495, 1, SURVIVED
879247428, 1, SURVIVED
879247419, 1, SURVIVED
879247428, 49, SURVIVED
879247419, 49, SURVIVED
879247455, 1, SURVIVED
879247466, 1, SURVIVED
879247466, 49, SURVIVED
879247455, 49, SURVIVED
879247452, 1, SURVIVED
879247409, 49, SURVIVED
879247409, 1, SURVIVED
879247452, 49, SURVIVED
879247406, 1, SURVIVED
879247433, 49, SURVIVED
879247433, 1, SURVIVED
879247406, 49, SURVIVED
879247400, 1, SURVIVED
879247400, 49, SURVIVED
879247432, 1, SURVIVED
879247432, 49, SURVIVED
879247429, 49, SURVIVED
879247463, 1, SURVIVED
879247429, 1, SURVIVED
879247463, 49, SURVIVED
879247487, 1, SURVIVED
879247487, 49, SURVIVED
879247474, 1, SURVIVED
879247440, 1, SURVIVED
879247474, 49, SURVIVED
879247440, 49, SURVIVED
879247468, 1, SURVIVED
879247468, 49, SURVIVED
879247490, 1, SURVIVED
879247444, 49, SURVIVED
879247444, 1, SURVIVED
879247490, 49, SURVIVED
879247441, 1, SURVIVED
879247441, 49, SURVIVED
879247417, 1, SURVIVED
879247482, 1, SURVIVED
879247482, 49, SURVIVED
879247417, 49, SURVIVED
879247448, 49, SURVIVED
879247448, 1, SURVIVED
879247425, 49, SURVIVED
879247425, 1, SURVIVED
879247460, 1, SURVIVED
879247460, 49, SURVIVED
879247497, 1, SURVIVED
879247443, 1, SURVIVED
879247497, 49, SURVIVED
879247467, 49, SURVIVED
879247443, 49, SURVIVED
879247467, 1, SURVIVED
879247451, 1, SURVIVED
879247413, 1, SURVIVED
879247413, 49, SURVIVED
879247472, 1, SURVIVED
879247451, 49, SURVIVED
879247472, 49, SURVIVED
879247478, 49, SURVIVED
879247478, 1, SURVIVED
879247479, 1, SURVIVED
879247435, 1, SURVIVED
879247479, 49, SURVIVED
879247461, 49, SURVIVED
879247485, 1, SURVIVED
879247470, 1, SURVIVED
879247485, 49, SURVIVED
879247461, 1, SURVIVED
879247435, 49, SURVIVED
879247470, 49, SURVIVED
879247493, 1, SURVIVED
879247493, 49, SURVIVED
879247465, 1, SURVIVED
879247465, 49, SURVIVED
879247450, 1, SURVIVED
879247450, 49, SURVIVED
879247446, 49, SURVIVED
879247446, 1, SURVIVED
879247475, 49, SURVIVED
879247475, 1, SURVIVED
879247436, 1, SURVIVED
879247480, 1, SURVIVED
879247436, 49, SURVIVED
879247480, 49, SURVIVED
879247439, 1, SURVIVED
879247439, 49, SURVIVED
879247492, 1, SURVIVED
879247492, 49, SURVIVED
879247477, 1, SURVIVED
879247477, 49, SURVIVED
879247445, 49, SURVIVED
879247483, 1, SURVIVED
879247445, 1, SURVIVED
879247483, 49, SURVIVED
879247473, 49, SURVIVED
879247473, 1, SURVIVED
879247457, 49, SURVIVED
879247457, 1, SURVIVED
879247491, 1, SURVIVED
879247491, 49, SURVIVED
879247489, 1, SURVIVED
879247489, 49, SURVIVED
879247486, 49, SURVIVED
879247486, 1, SURVIVED
879247459, 1, SURVIVED
879247496, 49, SURVIVED
879247496, 1, SURVIVED
879247459, 49, SURVIVED
879247449, 1, SURVIVED
879247449, 49, SURVIVED
879247471, 1, SURVIVED
879247481, 1, SURVIVED
879247453, 1, SURVIVED
879247469, 1, SURVIVED
879247481, 49, SURVIVED
879247471, 49, SURVIVED
879247453, 49, SURVIVED
879247469, 49, SURVIVED
879247484, 1, SURVIVED
879247454, 49, SURVIVED
879247454, 1, SURVIVED
879247484, 49, SURVIVED
879247407, 49, SURVIVED
879247407, 1, SURVIVED
879247499, 49, SURVIVED
879247499, 1, SURVIVED
879247464, 1, SURVIVED
879247464, 49, SURVIVED
879247427, 49, SURVIVED
879247427, 1, SURVIVED
2337911636, 49, SURVIVED
2337911636, 1, SURVIVED
2337911625, 49, SURVIVED
2337911625, 1, SURVIVED
2337911608, 49, SURVIVED
2337911644, 49, SURVIVED
2337911655, 49, SURVIVED
2337911622, 1, SURVIVED
2337911626, 1, SURVIVED
2337911622, 49, SURVIVED
2337911608, 1, SURVIVED
2337911621, 49, SURVIVED
2337911621, 1, SURVIVED
2337911655, 1, SURVIVED
2337911644, 1, SURVIVED
2337911626, 49, SURVIVED
2337911615, 49, SURVIVED
2337911615, 1, SURVIVED
2337911640, 1, SURVIVED
2337911640, 49, SURVIVED
2337911612, 49, SURVIVED
2337911612, 1, SURVIVED
2337911604, 49, SURVIVED
2337911627, 1, SURVIVED
2337911604, 1, SURVIVED
2337911627, 49, SURVIVED
2337911689, 1, SURVIVED
2337911630, 1, SURVIVED
2337911689, 49, SURVIVED
2337911623, 49, SURVIVED
2337911630, 49, SURVIVED
2337911623, 1, SURVIVED
2337911624, 1, SURVIVED
2337911628, 1, SURVIVED
2337911624, 49, SURVIVED
2337911628, 49, SURVIVED
2337911629, 1, SURVIVED
2337911629, 49, SURVIVED
2337911619, 49, SURVIVED
2337911619, 1, SURVIVED
2337911603, 1, SURVIVED
2337911603, 49, SURVIVED
2337911679, 1, SURVIVED
2337911606, 1, SURVIVED
2337911606, 49, SURVIVED
2337911679, 49, SURVIVED
2337911616, 1, SURVIVED
2337911616, 49, SURVIVED
2337911601, 49, SURVIVED
2337911610, 49, SURVIVED
2337911601, 1, SURVIVED
2337911613, 49, SURVIVED
2337911613, 1, SURVIVED
2337911610, 1, SURVIVED
2337911649, 1, SURVIVED
2337911649, 49, SURVIVED
2337911614, 1, SURVIVED
2337911614, 49, SURVIVED
2337911661, 1, SURVIVED
2337911661, 49, SURVIVED
2337911657, 1, SURVIVED
2337911657, 49, SURVIVED
2337911605, 1, SURVIVED
2337911605, 49, SURVIVED
2337911620, 1, SURVIVED
2337911620, 49, SURVIVED
2337911607, 1, SURVIVED
2337911639, 1, SURVIVED
2337911607, 49, SURVIVED
2337911631, 49, SURVIVED
2337911639, 49, SURVIVED
2337911631, 1, SURVIVED
2337911694, 1, SURVIVED
2337911694, 49, SURVIVED
2337911633, 1, SURVIVED
2337911633, 49, SURVIVED
2337911678, 1, SURVIVED
2337911678, 49, SURVIVED
2337911659, 1, SURVIVED
2337911659, 49, SURVIVED
2337911683, 1, SURVIVED
2337911676, 1, SURVIVED
2337911676, 49, SURVIVED
2337911647, 1, SURVIVED
2337911683, 49, SURVIVED
2337911647, 49, SURVIVED
2337911654, 1, SURVIVED
2337911654, 49, SURVIVED
2337911674, 1, SURVIVED
2337911602, 1, SURVIVED
2337911602, 49, SURVIVED
2337911674, 49, SURVIVED
2337911668, 1, SURVIVED
2337911668, 49, SURVIVED
2337911687, 1, SURVIVED
2337911687, 49, SURVIVED
2337911684, 1, SURVIVED
2337911618, 1, SURVIVED
2337911684, 49, SURVIVED
2337911618, 49, SURVIVED
2337911600, 1, SURVIVED
2337911648, 49, SURVIVED
2337911600, 49, SURVIVED
2337911648, 1, SURVIVED
2337911691, 1, SURVIVED
2337911691, 49, SURVIVED
2337911641, 49, SURVIVED
2337911646, 1, SURVIVED
2337911641, 1, SURVIVED
2337911617, 1, SURVIVED
2337911666, 49, SURVIVED
2337911666, 1, SURVIVED
2337911646, 49, SURVIVED
2337911617, 49, SURVIVED
2337911677, 1, SURVIVED
2337911677, 49, SURVIVED
2337911693, 1, SURVIVED
2337911693, 49, SURVIVED
2337911651, 1, SURVIVED
2337911662, 1, SURVIVED
2337911651, 49, SURVIVED
2337911662, 49, SURVIVED
2337911634, 1, SURVIVED
2337911642, 49, SURVIVED
2337911634, 49, SURVIVED
2337911642, 1, SURVIVED
2337911663, 1, SURVIVED
2337911663, 49, SURVIVED
2337911652, 1, SURVIVED
2337911652, 49, SURVIVED
2337911695, 1, SURVIVED
2337911695, 49, SURVIVED
2337911673, 1, SURVIVED
2337911673, 49, SURVIVED
2337911632, 1, SURVIVED
2337911632, 49, SURVIVED
2337911643, 1, SURVIVED
2337911643, 49, SURVIVED
2337911682, 1, SURVIVED
2337911653, 1, SURVIVED
2337911685, 1, SURVIVED
2337911664, 49, SURVIVED
2337911682, 49, SURVIVED
2337911653, 49, SURVIVED
2337911664, 1, SURVIVED
2337911685, 49, SURVIVED
2337911675, 1, SURVIVED
2337911675, 49, SURVIVED
2337911660, 1, SURVIVED
2337911645, 1, SURVIVED
2337911645, 49, SURVIVED
2337911660, 49, SURVIVED
2337911686, 1, SURVIVED
2337911686, 49, SURVIVED
2337911650, 1, SURVIVED
2337911665, 1, SURVIVED
2337911650, 49, SURVIVED
2337911637, 1, SURVIVED
2337911665, 49, SURVIVED
2337911637, 49, SURVIVED
2337911671, 1, SURVIVED
2337911609, 1, SURVIVED
2337911698, 1, SURVIVED
2337911698, 49, SURVIVED
2337911609, 49, SURVIVED
2337911671, 49, SURVIVED
2337911696, 1, SURVIVED
2337911696, 49, SURVIVED
2337911692, 1, SURVIVED
2337911692, 49, SURVIVED
2337911669, 1, SURVIVED
2337911669, 49, SURVIVED
2337911680, 1, SURVIVED
2337911680, 49, SURVIVED
2337911670, 1, SURVIVED
2337911670, 49, SURVIVED
2337911611, 49, SURVIVED
2337911611, 1, SURVIVED
2337911672, 49, SURVIVED
2337911672, 1, SURVIVED
2337911658, 49, SURVIVED
2337911658, 1, SURVIVED
2337911690, 1, SURVIVED
2337911667, 1, SURVIVED
2337911690, 49, SURVIVED
2337911667, 49, SURVIVED
2337911656, 49, SURVIVED
2337911656, 1, SURVIVED
2337911635, 1, SURVIVED
2337911635, 49, SURVIVED
2337911697, 1, SURVIVED
2337911697, 49, SURVIVED
2337911699, 49, SURVIVED
2337911699, 1, SURVIVED
2337911681, 49, SURVIVED
2337911681, 1, SURVIVED
2337911638, 49, SURVIVED
2337911638, 1, SURVIVED
1327928716, 1, SURVIVED
1327928716, 49, SURVIVED
1327928714, 1, SURVIVED
1327928714, 49, SURVIVED
1327928748, 1, SURVIVED
1327928709, 49, SURVIVED
1327928723, 1, SURVIVED
1327928723, 49, SURVIVED
1327928709, 1, SURVIVED
1327928719, 1, SURVIVED
1327928748, 49, SURVIVED
1327928763, 1, SURVIVED
1327928763, 49, SURVIVED
1327928715, 1, SURVIVED
1327928719, 49, SURVIVED
1327928715, 49, SURVIVED
1327928733, 49, SURVIVED
1327928710, 1, SURVIVED
1327928755, 1, SURVIVED
1327928733, 1, SURVIVED
1327928710, 49, SURVIVED
1327928755, 49, SURVIVED
1327928742, 1, SURVIVED
1327928742, 49, SURVIVED
1327928731, 1, SURVIVED
1327928731, 49, SURVIVED
1327928712, 1, SURVIVED
1327928712, 49, SURVIVED
1327928701, 49, SURVIVED
1327928701, 1, SURVIVED
1327928727, 49, SURVIVED
1327928727, 1, SURVIVED
1327928702, 1, SURVIVED
1327928702, 49, SURVIVED
1327928724, 1, SURVIVED
1327928724, 49, SURVIVED
1327928711, 1, SURVIVED
1327928726, 49, SURVIVED
1327928711, 49, SURVIVED
1327928726, 1, SURVIVED
1327928707, 1, SURVIVED
1327928707, 49, SURVIVED
1327928703, 1, SURVIVED
1327928703, 49, SURVIVED
1327928780, 49, SURVIVED
1327928708, 49, SURVIVED
1327928708, 1, SURVIVED
1327928751, 1, SURVIVED
1327928780, 1, SURVIVED
1327928778, 1, SURVIVED
1327928751, 49, SURVIVED
1327928725, 1, SURVIVED
1327928778, 49, SURVIVED
1327928725, 49, SURVIVED
1327928722, 49, SURVIVED
1327928700, 49, SURVIVED
1327928700, 1, SURVIVED
1327928737, 1, SURVIVED
1327928737, 49, SURVIVED
1327928744, 1, SURVIVED
1327928750, 1, SURVIVED
1327928722, 1, SURVIVED
1327928750, 49, SURVIVED
1327928746, 49, SURVIVED
1327928746, 1, SURVIVED
1327928744, 49, SURVIVED
1327928772, 1, SURVIVED
1327928772, 49, SURVIVED
1327928782, 49, SURVIVED
1327928782, 1, SURVIVED
1327928779, 1, SURVIVED
1327928779, 49, SURVIVED
1327928795, 1, SURVIVED
1327928795, 49, SURVIVED
1327928753, 1, SURVIVED
1327928765, 1, SURVIVED
1327928765, 49, SURVIVED
1327928753, 49, SURVIVED
1327928704, 1, SURVIVED
1327928704, 49, SURVIVED
1327928740, 1, SURVIVED
1327928740, 49, SURVIVED
1327928774, 1, SURVIVED
1327928774, 49, SURVIVED
1327928738, 1, SURVIVED
1327928738, 49, SURVIVED
1327928758, 1, SURVIVED
1327928758, 49, SURVIVED
1327928741, 1, SURVIVED
1327928741, 49, SURVIVED
1327928747, 1, SURVIVED
1327928747, 49, SURVIVED
1327928705, 49, SURVIVED
1327928720, 1, SURVIVED
1327928705, 1, SURVIVED
1327928720, 49, SURVIVED
1327928734, 1, SURVIVED
1327928734, 49, SURVIVED
1327928787, 49, SURVIVED
1327928718, 49, SURVIVED
1327928729, 1, SURVIVED
1327928718, 1, SURVIVED
1327928787, 1, SURVIVED
1327928729, 49, SURVIVED
1327928773, 1, SURVIVED
1327928773, 49, SURVIVED
1327928730, 1, SURVIVED
1327928730, 49, SURVIVED
1327928784, 1, SURVIVED
1327928761, 1, SURVIVED
1327928761, 49, SURVIVED
1327928721, 1, SURVIVED
1327928759, 1, SURVIVED
1327928784, 49, SURVIVED
1327928759, 49, SURVIVED
1327928739, 49, SURVIVED
1327928739, 1, SURVIVED
1327928721, 49, SURVIVED
1327928757, 1, SURVIVED
1327928757, 49, SURVIVED
1327928775, 1, SURVIVED
1327928775, 49, SURVIVED
1327928706, 1, SURVIVED
1327928769, 49, SURVIVED
1327928769, 1, SURVIVED
1327928706, 49, SURVIVED
1327928732, 1, SURVIVED
1327928732, 49, SURVIVED
1327928754, 1, SURVIVED
1327928754, 49, SURVIVED
1327928790, 1, SURVIVED
1327928790, 49, SURVIVED
1327928735, 49, SURVIVED
1327928735, 1, SURVIVED
1327928783, 1, SURVIVED
1327928783, 49, SURVIVED
1327928786, 1, SURVIVED
1327928786, 49, SURVIVED
1327928717, 1, SURVIVED
1327928752, 49, SURVIVED
1327928717, 49, SURVIVED
1327928752, 1, SURVIVED
1327928767, 49, SURVIVED
1327928767, 1, SURVIVED
1327928785, 1, SURVIVED
1327928785, 49, SURVIVED
1327928756, 1, SURVIVED
1327928762, 49, SURVIVED
1327928771, 1, SURVIVED
1327928771, 49, SURVIVED
1327928762, 1, SURVIVED
1327928756, 49, SURVIVED
1327928794, 1, SURVIVED
1327928794, 49, SURVIVED
1327928770, 1, SURVIVED
1327928770, 49, SURVIVED
1327928728, 49, SURVIVED
1327928743, 1, SURVIVED
1327928728, 1, SURVIVED
1327928743, 49, SURVIVED
1327928788, 1, SURVIVED
1327928796, 1, SURVIVED
1327928788, 49, SURVIVED
1327928796, 49, SURVIVED
1327928777, 49, SURVIVED
1327928777, 1, SURVIVED
1327928798, 1, SURVIVED
1327928798, 49, SURVIVED
1327928792, 1, SURVIVED
1327928768, 1, SURVIVED
1327928792, 49, SURVIVED
1327928768, 49, SURVIVED
1327928749, 49, SURVIVED
1327928749, 1, SURVIVED
1327928764, 1, SURVIVED
1327928764, 49, SURVIVED
1327928793, 1, SURVIVED
1327928793, 49, SURVIVED
1327928797, 1, SURVIVED
1327928745, 1, SURVIVED
1327928799, 1, SURVIVED
1327928760, 1, SURVIVED
1327928766, 49, SURVIVED
1327928799, 49, SURVIVED
1327928797, 49, SURVIVED
1327928766, 1, SURVIVED
1327928760, 49, SURVIVED
1327928776, 49, SURVIVED
1327928745, 49, SURVIVED
1327928776, 1, SURVIVED
1327928781, 49, SURVIVED
1327928781, 1, SURVIVED
1327928789, 49, SURVIVED
1327928789, 1, SURVIVED
1327928713, 49, SURVIVED
1327928713, 1, SURVIVED
1327928791, 1, SURVIVED
1327928791, 49, SURVIVED
1327928736, 49, SURVIVED
1327928736, 1, SURVIVED
3978761105, 1, SURVIVED
3978761160, 49, SURVIVED
3978761105, 49, SURVIVED
3978761122, 49, SURVIVED
3978761160, 1, SURVIVED
3978761122, 1, SURVIVED
3978761118, 1, SURVIVED
3978761101, 49, SURVIVED
3978761101, 1, SURVIVED
3978761128, 49, SURVIVED
3978761116, 49, SURVIVED
3978761131, 49, SURVIVED
3978761118, 49, SURVIVED
3978761131, 1, SURVIVED
3978761116, 1, SURVIVED
3978761128, 1, SURVIVED
3978761132, 49, SURVIVED
3978761132, 1, SURVIVED
3978761100, 1, SURVIVED
3978761149, 1, SURVIVED
3978761100, 49, SURVIVED
3978761149, 49, SURVIVED
3978761164, 1, SURVIVED
3978761164, 49, SURVIVED
3978761151, 1, SURVIVED
3978761151, 49, SURVIVED
3978761141, 1, SURVIVED
3978761137, 1, SURVIVED
3978761141, 49, SURVIVED
3978761137, 49, SURVIVED
3978761126, 1, SURVIVED
3978761126, 49, SURVIVED
3978761104, 1, SURVIVED
3978761104, 49, SURVIVED
3978761117, 49, SURVIVED
3978761106, 1, SURVIVED
3978761117, 1, SURVIVED
3978761106, 49, SURVIVED
3978761183, 1, SURVIVED
3978761183, 49, SURVIVED
3978761136, 49, SURVIVED
3978761136, 1, SURVIVED
3978761144, 1, SURVIVED
3978761144, 49, SURVIVED
3978761196, 49, SURVIVED
3978761196, 1, SURVIVED
3978761133, 1, SURVIVED
3978761133, 49, SURVIVED
3978761138, 1, SURVIVED
3978761138, 49, SURVIVED
3978761119, 49, SURVIVED
3978761150, 49, SURVIVED
3978761119, 1, SURVIVED
3978761150, 1, SURVIVED
3978761130, 1, SURVIVED
3978761130, 49, SURVIVED
3978761127, 1, SURVIVED
3978761109, 1, SURVIVED
3978761127, 49, SURVIVED
3978761109, 49, SURVIVED
3978761103, 1, SURVIVED
3978761103, 49, SURVIVED
3978761111, 49, SURVIVED
3978761111, 1, SURVIVED
3978761129, 49, SURVIVED
3978761129, 1, SURVIVED
3978761114, 1, SURVIVED
3978761114, 49, SURVIVED
3978761124, 1, SURVIVED
3978761124, 49, SURVIVED
3978761112, 1, SURVIVED
3978761115, 1, SURVIVED
3978761115, 49, SURVIVED
3978761112, 49, SURVIVED
3978761169, 49, SURVIVED
3978761169, 1, SURVIVED
3978761143, 49, SURVIVED
3978761143, 1, SURVIVED
3978761107, 1, SURVIVED
3978761107, 49, SURVIVED
3978761154, 49, SURVIVED
3978761154, 1, SURVIVED
3978761165, 1, SURVIVED
3978761165, 49, SURVIVED
3978761188, 1, SURVIVED
3978761188, 49, SURVIVED
3978761123, 1, SURVIVED
3978761173, 1, SURVIVED
3978761173, 49, SURVIVED
3978761163, 1, SURVIVED
3978761123, 49, SURVIVED
3978761163, 49, SURVIVED
3978761193, 1, SURVIVED
3978761139, 49, SURVIVED
3978761139, 1, SURVIVED
3978761193, 49, SURVIVED
3978761135, 1, SURVIVED
3978761194, 1, SURVIVED
3978761194, 49, SURVIVED
3978761110, 1, SURVIVED
3978761135, 49, SURVIVED
3978761110, 49, SURVIVED
3978761108, 1, SURVIVED
3978761120, 49, SURVIVED
3978761108, 49, SURVIVED
3978761120, 1, SURVIVED
3978761182, 1, SURVIVED
3978761182, 49, SURVIVED
3978761174, 49, SURVIVED
3978761174, 1, SURVIVED
3978761190, 1, SURVIVED
3978761190, 49, SURVIVED
3978761186, 49, SURVIVED
3978761186, 1, SURVIVED
3978761161, 1, SURVIVED
3978761192, 49, SURVIVED
3978761161, 49, SURVIVED
3978761192, 1, SURVIVED
3978761146, 1, SURVIVED
3978761156, 49, SURVIVED
3978761146, 49, SURVIVED
3978761156, 1, SURVIVED
3978761142, 49, SURVIVED
3978761142, 1, SURVIVED
3978761140, 1, SURVIVED
3978761140, 49, SURVIVED
3978761199, 1, SURVIVED
3978761157, 1, SURVIVED
3978761199, 49, SURVIVED
3978761157, 49, SURVIVED
3978761162, 1, SURVIVED
3978761162, 49, SURVIVED
3978761187, 1, SURVIVED
3978761168, 1, SURVIVED
3978761125, 1, SURVIVED
3978761167, 49, SURVIVED
3978761167, 1, SURVIVED
3978761197, 49, SURVIVED
3978761125, 49, SURVIVED
3978761197, 1, SURVIVED
3978761187, 49, SURVIVED
3978761168, 49, SURVIVED
3978761177, 1, SURVIVED
3978761172, 49, SURVIVED
3978761177, 49, SURVIVED
3978761172, 1, SURVIVED
3978761178, 1, SURVIVED
3978761153, 1, SURVIVED
3978761153, 49, SURVIVED
3978761178, 49, SURVIVED
3978761189, 1, SURVIVED
3978761189, 49, SURVIVED
3978761155, 49, SURVIVED
3978761155, 1, SURVIVED
3978761180, 1, SURVIVED
3978761180, 49, SURVIVED
3978761179, 1, SURVIVED
3978761181, 1, SURVIVED
3978761185, 1, SURVIVED
3978761185, 49, SURVIVED
3978761179, 49, SURVIVED
3978761181, 49, SURVIVED
3978761184, 1, SURVIVED
3978761184, 49, SURVIVED
3978761158, 1, SURVIVED
3978761158, 49, SURVIVED
3978761145, 49, SURVIVED
3978761145, 1, SURVIVED
3978761198, 1, SURVIVED
3978761198, 49, SURVIVED
3978761147, 1, SURVIVED
3978761147, 49, SURVIVED
3978761171, 49, SURVIVED
3978761171, 1, SURVIVED
3978761134, 1, SURVIVED
3978761148, 1, SURVIVED
3978761134, 49, SURVIVED
3978761166, 1, SURVIVED
3978761148, 49, SURVIVED
3978761166, 49, SURVIVED
3978761195, 49, SURVIVED
3978761195, 1, SURVIVED
3978761191, 49, SURVIVED
3978761191, 1, SURVIVED
3978761113, 49, SURVIVED
3978761113, 1, SURVIVED
3978761152, 49, SURVIVED
3978761152, 1, SURVIVED
3978761121, 49, SURVIVED
3978761121, 1, SURVIVED
3978761176, 49, SURVIVED
3978761176, 1, SURVIVED
3978761170, 1, SURVIVED
3978761170, 49, SURVIVED
3978761159, 49, SURVIVED
3978761159, 1, SURVIVED
3978761175, 1, SURVIVED
3978761175, 49, SURVIVED
3978761102, 49, SURVIVED
3978761102, 1, SURVIVED
2505069720, 1, SURVIVED
2505069720, 49, SURVIVED
2505069730, 1, SURVIVED
2505069708, 49, SURVIVED
2505069708, 1, SURVIVED
2505069729, 1, SURVIVED
2505069730, 49, SURVIVED
2505069788, 1, SURVIVED
2505069788, 49, SURVIVED
2505069724, 1, SURVIVED
2505069756, 1, SURVIVED
2505069715, 1, SURVIVED
2505069724, 49, SURVIVED
2505069729, 49, SURVIVED
2505069740, 1, SURVIVED
2505069740, 49, SURVIVED
2505069715, 49, SURVIVED
2505069756, 49, SURVIVED
2505069755, 1, SURVIVED
2505069701, 1, SURVIVED
2505069759, 49, SURVIVED
2505069759, 1, SURVIVED
2505069701, 49, SURVIVED
2505069755, 49, SURVIVED
2505069791, 49, SURVIVED
2505069791, 1, SURVIVED
2505069727, 1, SURVIVED
2505069752, 49, SURVIVED
2505069727, 49, SURVIVED
2505069706, 49, SURVIVED
2505069752, 1, SURVIVED
2505069723, 49, SURVIVED
2505069723, 1, SURVIVED
2505069706, 1, SURVIVED
2505069754, 1, SURVIVED
2505069794, 49, SURVIVED
2505069794, 1, SURVIVED
2505069754, 49, SURVIVED
2505069725, 1, SURVIVED
2505069725, 49, SURVIVED
2505069716, 49, SURVIVED
2505069716, 1, SURVIVED
2505069707, 1, SURVIVED
2505069707, 49, SURVIVED
2505069711, 1, SURVIVED
2505069711, 49, SURVIVED
2505069702, 1, SURVIVED
2505069728, 1, SURVIVED
2505069728, 49, SURVIVED
2505069702, 49, SURVIVED
2505069735, 1, SURVIVED
2505069735, 49, SURVIVED
2505069700, 49, SURVIVED
2505069700, 1, SURVIVED
2505069747, 1, SURVIVED
2505069713, 49, SURVIVED
2505069747, 49, SURVIVED
2505069775, 49, SURVIVED
2505069775, 1, SURVIVED
2505069713, 1, SURVIVED
2505069745, 1, SURVIVED
2505069745, 49, SURVIVED
2505069763, 1, SURVIVED
2505069763, 49, SURVIVED
2505069709, 49, SURVIVED
2505069709, 1, SURVIVED
2505069719, 1, SURVIVED
2505069719, 49, SURVIVED
2505069787, 1, SURVIVED
2505069795, 1, SURVIVED
2505069787, 49, SURVIVED
2505069795, 49, SURVIVED
2505069762, 49, SURVIVED
2505069762, 1, SURVIVED
2505069743, 1, SURVIVED
2505069743, 49, SURVIVED
2505069779, 1, SURVIVED
2505069779, 49, SURVIVED
2505069722, 49, SURVIVED
2505069722, 1, SURVIVED
2505069718, 49, SURVIVED
2505069757, 49, SURVIVED
2505069784, 49, SURVIVED
2505069784, 1, SURVIVED
2505069718, 1, SURVIVED
2505069757, 1, SURVIVED
2505069731, 1, SURVIVED
2505069731, 49, SURVIVED
2505069744, 1, SURVIVED
2505069703, 1, SURVIVED
2505069741, 1, SURVIVED
2505069741, 49, SURVIVED
2505069703, 49, SURVIVED
2505069744, 49, SURVIVED
2505069751, 49, SURVIVED
2505069751, 1, SURVIVED
2505069733, 1, SURVIVED
2505069733, 49, SURVIVED
2505069783, 49, SURVIVED
2505069783, 1, SURVIVED
2505069772, 49, SURVIVED
2505069750, 1, SURVIVED
2505069748, 1, SURVIVED
2505069772, 1, SURVIVED
2505069748, 49, SURVIVED
2505069750, 49, SURVIVED
2505069712, 1, SURVIVED
2505069717, 1, SURVIVED
2505069749, 1, SURVIVED
2505069717, 49, SURVIVED
2505069712, 49, SURVIVED
2505069749, 49, SURVIVED
2505069781, 49, SURVIVED
2505069781, 1, SURVIVED
2505069704, 1, SURVIVED
2505069704, 49, SURVIVED
2505069782, 1, SURVIVED
2505069782, 49, SURVIVED
2505069789, 1, SURVIVED
2505069789, 49, SURVIVED
2505069738, 1, SURVIVED
2505069738, 49, SURVIVED
2505069796, 1, SURVIVED
2505069736, 1, SURVIVED
2505069796, 49, SURVIVED
2505069760, 1, SURVIVED
2505069761, 1, SURVIVED
2505069736, 49, SURVIVED
2505069760, 49, SURVIVED
2505069761, 49, SURVIVED
2505069746, 1, SURVIVED
2505069746, 49, SURVIVED
2505069792, 1, SURVIVED
2505069792, 49, SURVIVED
2505069770, 49, SURVIVED
2505069770, 1, SURVIVED
2505069753, 1, SURVIVED
2505069753, 49, SURVIVED
2505069764, 1, SURVIVED
2505069764, 49, SURVIVED
2505069776, 1, SURVIVED
2505069776, 49, SURVIVED
2505069780, 49, SURVIVED
2505069799, 1, SURVIVED
2505069799, 49, SURVIVED
2505069780, 1, SURVIVED
2505069732, 49, SURVIVED
2505069732, 1, SURVIVED
2505069766, 1, SURVIVED
2505069766, 49, SURVIVED
2505069742, 49, SURVIVED
2505069742, 1, SURVIVED
2505069767, 1, SURVIVED
2505069767, 49, SURVIVED
2505069798, 1, SURVIVED
2505069734, 1, SURVIVED
2505069734, 49, SURVIVED
2505069798, 49, SURVIVED
2505069765, 1, SURVIVED
2505069765, 49, SURVIVED
2505069710, 1, SURVIVED
2505069710, 49, SURVIVED
2505069769, 1, SURVIVED
2505069790, 1, SURVIVED
2505069769, 49, SURVIVED
2505069790, 49, SURVIVED
2505069758, 49, SURVIVED
2505069758, 1, SURVIVED
2505069774, 49, SURVIVED
2505069774, 1, SURVIVED
2505069793, 49, SURVIVED
2505069797, 1, SURVIVED
2505069797, 49, SURVIVED
2505069793, 1, SURVIVED
2505069771, 1, SURVIVED
2505069768, 1, SURVIVED
2505069785, 49, KILLED_INDETERMINISTIC
2505069771, 49, SURVIVED
2505069778, 49, SURVIVED
2505069768, 49, SURVIVED
2505069785, 1, KILLED_INDETERMINISTIC
2505069778, 1, SURVIVED
2505069714, 49, SURVIVED
2505069714, 1, SURVIVED
2505069726, 49, SURVIVED
2505069726, 1, SURVIVED
2505069737, 1, SURVIVED
2505069721, 1, SURVIVED
2505069737, 49, SURVIVED
2505069721, 49, SURVIVED
2505069705, 1, SURVIVED
2505069705, 49, SURVIVED
2505069786, 1, SURVIVED
2505069786, 49, SURVIVED
2505069773, 1, SURVIVED
2505069773, 49, SURVIVED
2505069777, 1, SURVIVED
2505069777, 49, SURVIVED
1949038833, 1, SURVIVED
1949038876, 49, SURVIVED
1949038876, 1, SURVIVED
1949038801, 1, SURVIVED
1949038833, 49, SURVIVED
1949038827, 49, SURVIVED
1949038801, 49, SURVIVED
1949038827, 1, SURVIVED
1949038812, 1, SURVIVED
1949038812, 49, SURVIVED
1949038838, 1, SURVIVED
1949038825, 1, SURVIVED
1949038865, 49, SURVIVED
1949038865, 1, SURVIVED
1949038811, 1, SURVIVED
1949038811, 49, SURVIVED
1949038825, 49, SURVIVED
1949038838, 49, SURVIVED
1949038831, 1, SURVIVED
1949038831, 49, SURVIVED
1949038844, 1, SURVIVED
1949038844, 49, SURVIVED
1949038893, 1, SURVIVED
1949038893, 49, SURVIVED
1949038829, 49, SURVIVED
1949038823, 49, SURVIVED
1949038829, 1, SURVIVED
1949038823, 1, SURVIVED
1949038859, 1, SURVIVED
1949038859, 49, SURVIVED
1949038822, 1, SURVIVED
1949038822, 49, SURVIVED
1949038808, 49, SURVIVED
1949038802, 1, SURVIVED
1949038802, 49, SURVIVED
1949038808, 1, SURVIVED
1949038806, 1, SURVIVED
1949038861, 49, SURVIVED
1949038861, 1, SURVIVED
1949038806, 49, SURVIVED
1949038810, 49, SURVIVED
1949038810, 1, SURVIVED
1949038818, 1, SURVIVED
1949038819, 49, SURVIVED
1949038818, 49, SURVIVED
1949038819, 1, SURVIVED
1949038843, 1, SURVIVED
1949038843, 49, SURVIVED
1949038826, 1, SURVIVED
1949038816, 49, SURVIVED
1949038816, 1, SURVIVED
1949038839, 1, SURVIVED
1949038826, 49, SURVIVED
1949038871, 1, SURVIVED
1949038839, 49, SURVIVED
1949038803, 1, SURVIVED
1949038803, 49, SURVIVED
1949038871, 49, SURVIVED
1949038813, 1, SURVIVED
1949038813, 49, SURVIVED
1949038875, 49, SURVIVED
1949038875, 1, SURVIVED
1949038842, 1, SURVIVED
1949038821, 49, SURVIVED
1949038842, 49, SURVIVED
1949038820, 1, SURVIVED
1949038821, 1, SURVIVED
1949038880, 1, SURVIVED
1949038820, 49, SURVIVED
1949038880, 49, SURVIVED
1949038835, 49, SURVIVED
1949038805, 1, SURVIVED
1949038835, 1, SURVIVED
1949038805, 49, SURVIVED
1949038857, 1, SURVIVED
1949038840, 1, SURVIVED
1949038817, 1, SURVIVED
1949038883, 1, SURVIVED
1949038883, 49, SURVIVED
1949038817, 49, SURVIVED
1949038857, 49, SURVIVED
1949038840, 49, SURVIVED
1949038815, 1, SURVIVED
1949038815, 49, SURVIVED
1949038804, 1, SURVIVED
1949038804, 49, SURVIVED
1949038863, 1, SURVIVED
1949038848, 1, SURVIVED
1949038863, 49, SURVIVED
1949038848, 49, SURVIVED
1949038854, 1, SURVIVED
1949038852, 1, SURVIVED
1949038852, 49, SURVIVED
1949038851, 1, SURVIVED
1949038889, 1, SURVIVED
1949038889, 49, SURVIVED
1949038854, 49, SURVIVED
1949038874, 1, SURVIVED
1949038895, 1, SURVIVED
1949038851, 49, SURVIVED
1949038874, 49, SURVIVED
1949038895, 49, SURVIVED
1949038847, 1, SURVIVED
1949038847, 49, SURVIVED
1949038884, 1, SURVIVED
1949038870, 1, SURVIVED
1949038884, 49, SURVIVED
1949038872, 1, SURVIVED
1949038837, 1, SURVIVED
1949038837, 49, SURVIVED
1949038872, 49, SURVIVED
1949038853, 1, SURVIVED
1949038853, 49, SURVIVED
1949038807, 1, SURVIVED
1949038870, 49, SURVIVED
1949038836, 1, SURVIVED
1949038807, 49, SURVIVED
1949038836, 49, SURVIVED
1949038879, 1, SURVIVED
1949038879, 49, SURVIVED
1949038869, 49, SURVIVED
1949038868, 1, SURVIVED
1949038869, 1, SURVIVED
1949038868, 49, SURVIVED
1949038899, 1, SURVIVED
1949038845, 1, SURVIVED
1949038899, 49, SURVIVED
1949038845, 49, SURVIVED
1949038841, 1, SURVIVED
1949038849, 1, SURVIVED
1949038841, 49, SURVIVED
1949038849, 49, SURVIVED
1949038800, 1, SURVIVED
1949038800, 49, SURVIVED
1949038885, 1, SURVIVED
1949038885, 49, SURVIVED
1949038881, 1, SURVIVED
1949038881, 49, SURVIVED
1949038890, 1, SURVIVED
1949038890, 49, SURVIVED
1949038888, 49, SURVIVED
1949038888, 1, SURVIVED
1949038858, 1, SURVIVED
1949038828, 49, SURVIVED
1949038858, 49, SURVIVED
1949038828, 1, SURVIVED
1949038873, 1, SURVIVED
1949038873, 49, SURVIVED
1949038886, 1, SURVIVED
1949038824, 1, SURVIVED
1949038886, 49, SURVIVED
1949038824, 49, SURVIVED
1949038864, 1, SURVIVED
1949038866, 1, SURVIVED
1949038866, 49, SURVIVED
1949038864, 49, SURVIVED
1949038892, 1, SURVIVED
1949038892, 49, SURVIVED
1949038877, 1, SURVIVED
1949038877, 49, SURVIVED
1949038896, 49, SURVIVED
1949038856, 1, SURVIVED
1949038856, 49, SURVIVED
1949038896, 1, SURVIVED
1949038878, 1, SURVIVED
1949038878, 49, SURVIVED
1949038846, 1, SURVIVED
1949038846, 49, SURVIVED
1949038894, 1, SURVIVED
1949038894, 49, SURVIVED
1949038897, 1, SURVIVED
1949038897, 49, SURVIVED
1949038882, 1, SURVIVED
1949038882, 49, SURVIVED
1949038887, 49, SURVIVED
1949038887, 1, SURVIVED
1949038891, 49, SURVIVED
1949038898, 1, SURVIVED
1949038898, 49, SURVIVED
1949038891, 1, SURVIVED
1949038867, 1, SURVIVED
1949038867, 49, SURVIVED
1949038832, 1, SURVIVED
1949038832, 49, SURVIVED
1949038862, 49, SURVIVED
1949038862, 1, SURVIVED
1949038809, 49, SURVIVED
1949038809, 1, SURVIVED
1949038830, 1, SURVIVED
1949038860, 49, SURVIVED
1949038830, 49, SURVIVED
1949038860, 1, SURVIVED
1949038834, 1, SURVIVED
1949038834, 49, SURVIVED
1949038850, 49, SURVIVED
1949038850, 1, SURVIVED
1949038814, 49, SURVIVED
1949038814, 1, SURVIVED
1949038855, 1, SURVIVED
1949038855, 49, SURVIVED
4170016607, 49, SURVIVED
4170016607, 1, SURVIVED
4170016609, 1, SURVIVED
4170016609, 49, SURVIVED
4170016637, 1, SURVIVED
4170016637, 49, SURVIVED
4170016615, 49, SURVIVED
4170016606, 1, SURVIVED
4170016606, 49, SURVIVED
4170016615, 1, SURVIVED
4170016610, 1, SURVIVED
4170016610, 49, SURVIVED
4170016660, 1, SURVIVED
4170016660, 49, SURVIVED
4170016669, 49, SURVIVED
4170016669, 1, SURVIVED
4170016601, 49, SURVIVED
4170016601, 1, SURVIVED
4170016631, 49, SURVIVED
4170016631, 1, SURVIVED
4170016621, 49, SURVIVED
4170016621, 1, SURVIVED
4170016626, 49, SURVIVED
4170016617, 1, SURVIVED
4170016626, 1, SURVIVED
4170016620, 49, SURVIVED
4170016617, 49, SURVIVED
4170016620, 1, SURVIVED
4170016605, 1, SURVIVED
4170016605, 49, SURVIVED
4170016618, 49, SURVIVED
4170016618, 1, SURVIVED
4170016619, 49, SURVIVED
4170016619, 1, SURVIVED
4170016623, 1, SURVIVED
4170016656, 1, SURVIVED
4170016623, 49, SURVIVED
4170016614, 1, SURVIVED
4170016656, 49, SURVIVED
4170016639, 1, SURVIVED
4170016639, 49, SURVIVED
4170016614, 49, SURVIVED
4170016690, 1, SURVIVED
4170016690, 49, SURVIVED
4170016673, 49, SURVIVED
4170016673, 1, SURVIVED
4170016628, 1, SURVIVED
4170016628, 49, SURVIVED
4170016683, 49, SURVIVED
4170016683, 1, SURVIVED
4170016604, 1, SURVIVED
4170016604, 49, SURVIVED
4170016612, 1, SURVIVED
4170016658, 1, SURVIVED
4170016612, 49, SURVIVED
4170016658, 49, SURVIVED
4170016663, 49, SURVIVED
4170016663, 1, SURVIVED
4170016665, 1, SURVIVED
4170016665, 49, SURVIVED
4170016641, 1, SURVIVED
4170016613, 1, SURVIVED
4170016651, 1, SURVIVED
4170016651, 49, SURVIVED
4170016641, 49, SURVIVED
4170016633, 49, SURVIVED
4170016613, 49, SURVIVED
4170016633, 1, SURVIVED
4170016647, 1, SURVIVED
4170016647, 49, SURVIVED
4170016624, 1, SURVIVED
4170016622, 1, SURVIVED
4170016624, 49, SURVIVED
4170016622, 49, SURVIVED
4170016608, 1, SURVIVED
4170016608, 49, SURVIVED
4170016652, 49, SURVIVED
4170016652, 1, SURVIVED
4170016649, 1, SURVIVED
4170016649, 49, SURVIVED
4170016603, 1, SURVIVED
4170016603, 49, SURVIVED
4170016638, 1, SURVIVED
4170016638, 49, SURVIVED
4170016655, 49, SURVIVED
4170016616, 1, SURVIVED
4170016655, 1, SURVIVED
4170016616, 49, SURVIVED
4170016671, 1, SURVIVED
4170016650, 1, SURVIVED
4170016671, 49, SURVIVED
4170016687, 1, SURVIVED
4170016644, 1, SURVIVED
4170016650, 49, SURVIVED
4170016687, 49, SURVIVED
4170016659, 49, SURVIVED
4170016644, 49, SURVIVED
4170016659, 1, SURVIVED
4170016627, 1, SURVIVED
4170016627, 49, SURVIVED
4170016636, 1, SURVIVED
4170016636, 49, SURVIVED
4170016646, 1, SURVIVED
4170016653, 1, SURVIVED
4170016646, 49, SURVIVED
4170016653, 49, SURVIVED
4170016682, 1, SURVIVED
4170016682, 49, SURVIVED
4170016670, 1, SURVIVED
4170016679, 49, SURVIVED
4170016685, 1, SURVIVED
4170016679, 1, SURVIVED
4170016634, 1, SURVIVED
4170016670, 49, SURVIVED
4170016685, 49, SURVIVED
4170016634, 49, SURVIVED
4170016632, 1, SURVIVED
4170016632, 49, SURVIVED
4170016600, 49, SURVIVED
4170016600, 1, SURVIVED
4170016645, 1, SURVIVED
4170016668, 1, SURVIVED
4170016691, 1, SURVIVED
4170016668, 49, SURVIVED
4170016645, 49, SURVIVED
4170016635, 1, SURVIVED
4170016691, 49, SURVIVED
4170016635, 49, SURVIVED
4170016686, 1, SURVIVED
4170016686, 49, SURVIVED
4170016664, 1, SURVIVED
4170016695, 1, SURVIVED
4170016654, 1, SURVIVED
4170016654, 49, SURVIVED
4170016695, 49, SURVIVED
4170016664, 49, SURVIVED
4170016672, 49, SURVIVED
4170016672, 1, SURVIVED
4170016684, 1, SURVIVED
4170016602, 1, SURVIVED
4170016684, 49, SURVIVED
4170016602, 49, SURVIVED
4170016689, 1, SURVIVED
4170016688, 1, SURVIVED
4170016699, 49, SURVIVED
4170016689, 49, SURVIVED
4170016699, 1, SURVIVED
4170016674, 49, SURVIVED
4170016674, 1, SURVIVED
4170016688, 49, SURVIVED
4170016667, 1, SURVIVED
4170016667, 49, SURVIVED
4170016675, 1, SURVIVED
4170016675, 49, SURVIVED
4170016677, 1, SURVIVED
4170016677, 49, SURVIVED
4170016678, 1, SURVIVED
4170016678, 49, SURVIVED
4170016696, 1, SURVIVED
4170016681, 49, SURVIVED
4170016681, 1, SURVIVED
4170016696, 49, SURVIVED
4170016676, 1, SURVIVED
4170016676, 49, SURVIVED
4170016643, 1, SURVIVED
4170016662, 1, SURVIVED
4170016657, 1, SURVIVED
4170016657, 49, SURVIVED
4170016643, 49, SURVIVED
4170016662, 49, SURVIVED
4170016697, 1, SURVIVED
4170016697, 49, SURVIVED
4170016680, 1, SURVIVED
4170016680, 49, SURVIVED
4170016693, 49, SURVIVED
4170016693, 1, SURVIVED
4170016694, 1, SURVIVED
4170016694, 49, SURVIVED
4170016661, 1, SURVIVED
4170016661, 49, SURVIVED
4170016698, 49, SURVIVED
4170016625, 1, SURVIVED
4170016698, 1, SURVIVED
4170016625, 49, SURVIVED
4170016640, 49, SURVIVED
4170016640, 1, SURVIVED
4170016692, 1, SURVIVED
4170016642, 49, SURVIVED
4170016692, 49, SURVIVED
4170016642, 1, SURVIVED
4170016611, 1, SURVIVED
4170016611, 49, SURVIVED
4170016630, 1, SURVIVED
4170016630, 49, SURVIVED
4170016648, 1, SURVIVED
4170016648, 49, SURVIVED
4170016629, 49, SURVIVED
4170016629, 1, SURVIVED
4170016666, 1, SURVIVED
4170016666, 49, SURVIVED
706386120, 49, SURVIVED
706386120, 1, SURVIVED
706386100, 49, SURVIVED
706386100, 1, SURVIVED
706386113, 49, SURVIVED
706386105, 1, SURVIVED
706386192, 1, SURVIVED
706386160, 49, SURVIVED
706386130, 1, SURVIVED
706386160, 1, SURVIVED
706386113, 1, SURVIVED
706386128, 49, SURVIVED
706386192, 49, SURVIVED
706386128, 1, SURVIVED
706386105, 49, SURVIVED
706386138, 1, SURVIVED
706386130, 49, SURVIVED
706386138, 49, SURVIVED
706386112, 49, SURVIVED
706386112, 1, SURVIVED
706386102, 49, SURVIVED
706386102, 1, SURVIVED
706386106, 49, SURVIVED
706386153, 49, SURVIVED
706386153, 1, SURVIVED
706386106, 1, SURVIVED
706386141, 1, SURVIVED
706386141, 49, SURVIVED
706386162, 49, SURVIVED
706386173, 1, SURVIVED
706386162, 1, SURVIVED
706386173, 49, SURVIVED
706386110, 1, SURVIVED
706386132, 49, SURVIVED
706386171, 1, SURVIVED
706386132, 1, SURVIVED
706386171, 49, SURVIVED
706386110, 49, SURVIVED
706386107, 1, SURVIVED
706386139, 1, SURVIVED
706386139, 49, SURVIVED
706386107, 49, SURVIVED
706386134, 1, SURVIVED
706386134, 49, SURVIVED
706386149, 1, SURVIVED
706386149, 49, SURVIVED
706386118, 1, SURVIVED
706386118, 49, SURVIVED
706386152, 49, SURVIVED
706386152, 1, SURVIVED
706386129, 1, SURVIVED
706386126, 49, SURVIVED
706386126, 1, SURVIVED
706386129, 49, SURVIVED
706386125, 1, SURVIVED
706386125, 49, SURVIVED
706386109, 1, SURVIVED
706386115, 1, SURVIVED
706386115, 49, SURVIVED
706386109, 49, SURVIVED
706386144, 1, SURVIVED
706386144, 49, SURVIVED
706386121, 49, SURVIVED
706386140, 49, SURVIVED
706386140, 1, SURVIVED
706386121, 1, SURVIVED
706386170, 1, SURVIVED
706386170, 49, SURVIVED
706386157, 1, SURVIVED
706386157, 49, SURVIVED
706386194, 49, SURVIVED
706386194, 1, SURVIVED
706386142, 1, SURVIVED
706386142, 49, SURVIVED
706386184, 1, SURVIVED
706386184, 49, SURVIVED
706386117, 1, SURVIVED
706386117, 49, SURVIVED
706386158, 1, SURVIVED
706386131, 1, SURVIVED
706386131, 49, SURVIVED
706386148, 1, SURVIVED
706386161, 49, SURVIVED
706386158, 49, SURVIVED
706386148, 49, SURVIVED
706386161, 1, SURVIVED
706386185, 1, SURVIVED
706386185, 49, SURVIVED
706386127, 49, SURVIVED
706386127, 1, SURVIVED
706386195, 1, SURVIVED
706386114, 1, SURVIVED
706386114, 49, SURVIVED
706386195, 49, SURVIVED
706386145, 49, SURVIVED
706386145, 1, SURVIVED
706386163, 1, SURVIVED
706386163, 49, SURVIVED
706386164, 1, SURVIVED
706386164, 49, SURVIVED
706386193, 1, SURVIVED
706386174, 1, SURVIVED
706386193, 49, SURVIVED
706386174, 49, SURVIVED
706386108, 1, SURVIVED
706386108, 49, SURVIVED
706386123, 1, SURVIVED
706386159, 1, SURVIVED
706386159, 49, SURVIVED
706386123, 49, SURVIVED
706386180, 1, SURVIVED
706386180, 49, SURVIVED
706386189, 1, SURVIVED
706386189, 49, SURVIVED
706386147, 1, SURVIVED
706386147, 49, SURVIVED
706386146, 1, SURVIVED
706386146, 49, SURVIVED
706386150, 1, SURVIVED
706386166, 1, SURVIVED
706386166, 49, SURVIVED
706386116, 1, SURVIVED
706386150, 49, SURVIVED
706386116, 49, SURVIVED
706386178, 1, SURVIVED
706386178, 49, SURVIVED
706386176, 1, SURVIVED
706386176, 49, SURVIVED
706386101, 1, SURVIVED
706386101, 49, SURVIVED
706386136, 1, SURVIVED
706386182, 1, SURVIVED
706386136, 49, SURVIVED
706386196, 1, SURVIVED
706386182, 49, SURVIVED
706386196, 49, SURVIVED
706386187, 1, SURVIVED
706386187, 49, SURVIVED
706386191, 1, SURVIVED
706386172, 1, SURVIVED
706386191, 49, SURVIVED
706386172, 49, SURVIVED
706386103, 1, SURVIVED
706386103, 49, SURVIVED
706386177, 1, SURVIVED
706386177, 49, SURVIVED
706386143, 1, SURVIVED
706386143, 49, SURVIVED
706386165, 1, SURVIVED
706386165, 49, SURVIVED
706386167, 1, SURVIVED
706386133, 1, SURVIVED
706386168, 1, SURVIVED
706386167, 49, SURVIVED
706386133, 49, SURVIVED
706386168, 49, SURVIVED
706386119, 49, SURVIVED
706386119, 1, SURVIVED
706386156, 1, SURVIVED
706386156, 49, SURVIVED
706386183, 1, SURVIVED
706386183, 49, SURVIVED
706386190, 49, SURVIVED
706386190, 1, SURVIVED
706386199, 1, SURVIVED
706386175, 1, SURVIVED
706386199, 49, SURVIVED
706386122, 1, SURVIVED
706386175, 49, SURVIVED
706386122, 49, SURVIVED
706386186, 1, SURVIVED
706386186, 49, SURVIVED
706386197, 1, SURVIVED
706386197, 49, SURVIVED
706386111, 1, SURVIVED
706386111, 49, SURVIVED
706386188, 1, SURVIVED
706386151, 49, SURVIVED
706386169, 1, SURVIVED
706386188, 49, SURVIVED
706386169, 49, SURVIVED
706386151, 1, SURVIVED
706386104, 1, SURVIVED
706386104, 49, SURVIVED
706386155, 1, SURVIVED
706386155, 49, SURVIVED
706386198, 49, SURVIVED
706386198, 1, SURVIVED
706386135, 1, SURVIVED
706386181, 49, SURVIVED
706386181, 1, SURVIVED
706386135, 49, SURVIVED
706386154, 1, SURVIVED
706386154, 49, SURVIVED
706386124, 49, SURVIVED
706386124, 1, SURVIVED
706386179, 1, SURVIVED
706386179, 49, SURVIVED
706386137, 49, SURVIVED
706386137, 1, SURVIVED
